{
  "best_val_nll": -1.9468256561619461,
  "test_nll": -1.9410981175246511,
  "elapsed_s": 15098.815940380096,
  "epochs": 150,
  "loss_history": [
    -1.0855122785125038,
    -1.9435358265476763,
    -2.1042253997777123,
    -2.1658922551614244,
    -2.2922743457319488,
    -2.3585873425121195,
    -2.443897795389452,
    -2.481906170639998,
    -2.5567771419692225,
    -2.5832474563280337,
    -2.7391552864800177,
    -2.7554878446147266,
    -2.7630966042866336,
    -2.8389402448159196,
    -2.864805608711508,
    -2.890432933350201,
    -3.005400779202123,
    -2.9857796113128248,
    -3.084773508426936,
    -3.1650766113682476,
    -3.139840881919007,
    -3.1352741054028197,
    -3.1624881527231783,
    -3.176313747158822,
    -3.2131775316146327,
    -3.214732583621731,
    -3.280567737472484,
    -3.2984911975500832,
    -3.256664745614428,
    -3.2427709684766772,
    -3.2970014857056804,
    -3.396188993588128,
    -3.404102027035125,
    -3.3501371661739427,
    -3.376552780647107,
    -3.3451278086494454,
    -3.4584149260959967,
    -3.4260238148176763,
    -3.4304115780250495,
    -3.4300779319175367,
    -3.4008791090830055,
    -3.499135206270096,
    -3.4547435420915447,
    -3.4876943982356345,
    -3.493747703064128,
    -3.5147129483235156,
    -3.5327659682239716,
    -3.5521961889227334,
    -3.5542245945509743,
    -3.557626547525301,
    -3.605247510135021,
    -3.5729062545025134,
    -3.602060459916244,
    -3.6478930817883644,
    -3.6050892129273673,
    -3.566650225054425,
    -3.6201563143478634,
    -3.62940425532477,
    -3.6028027137565184,
    -3.637144106447392,
    -3.6249153473797966,
    -3.654350033615861,
    -3.6279524009093604,
    -3.687533573154598,
    -3.6796280393362655,
    -3.6992695408556466,
    -3.6472500580008074,
    -3.6650168177340645,
    -3.726736798387049,
    -3.711605860449164,
    -3.707328848521728,
    -3.730768536896352,
    -3.702018171777506,
    -3.7303343841334438,
    -3.7814575179915906,
    -3.6940652817259054,
    -3.7375728289794434,
    -3.7639624170692225,
    -3.7088532265266188,
    -3.745127275548018,
    -3.7674961488722536,
    -3.7283704379940277,
    -3.7849267834840377,
    -3.7434875238734437,
    -3.7746233171819115,
    -3.8056918335387775,
    -3.829276588795435,
    -3.809258164728389,
    -3.792471051063684,
    -3.7923728456277677,
    -3.840783428962883,
    -3.817098416788194,
    -3.8144733704855223,
    -3.8325212107366307,
    -3.833494599441738,
    -3.851983400333263,
    -3.8337577233362534,
    -3.849993138400185,
    -3.8711366158769565,
    -3.8738086684737976,
    -3.838405924799192,
    -3.830819815244821,
    -3.82396296688053,
    -3.8958316184294497,
    -3.8927099521050366,
    -3.884894174802334,
    -3.8641667678533005,
    -3.9605966318598793,
    -3.9089532721682887,
    -3.930983756356837,
    -3.905134993174192,
    -3.8952786942272235,
    -3.878946509812494,
    -3.93248264507755,
    -3.858963134343667,
    -3.934419912374233,
    -3.9452006290940678,
    -3.9252937509275765,
    -3.9410754466605615,
    -3.982660182182441,
    -3.945893259533226,
    -3.90794907841841,
    -3.9288500749775213,
    -3.9266019971169475,
    -3.9683074932497786,
    -3.9210867033437693,
    -3.92100802856638,
    -3.973473676720925,
    -3.9420285866312357,
    -3.9163205090843505,
    -3.9473791389590334,
    -3.9111758243397374,
    -3.9627414801541496,
    -3.9642977968449027,
    -3.953622531364946,
    -3.9226963514190576,
    -3.9733294365960923,
    -3.941356300583581,
    -3.9687647788268525,
    -3.9793580547927894,
    -3.936324440000002,
    -3.955828337965871,
    -3.992154162996413,
    -3.9325712523649416,
    -3.951848463938974,
    -3.978300342169564,
    -3.9628831159199596,
    -3.971465243002795,
    -3.9578055906850285,
    -3.936021730379985
  ],
  "eval_history": [
    {
      "epoch": 1,
      "val_nll": -0.8868147127187935
    },
    {
      "epoch": 5,
      "val_nll": -1.1692006432326736
    },
    {
      "epoch": 10,
      "val_nll": -1.3107454385727075
    },
    {
      "epoch": 15,
      "val_nll": -1.3523900991032838
    },
    {
      "epoch": 20,
      "val_nll": -1.5527804512886485
    },
    {
      "epoch": 25,
      "val_nll": -1.5292068188357506
    },
    {
      "epoch": 30,
      "val_nll": -1.6857224680056238
    },
    {
      "epoch": 35,
      "val_nll": -1.6733764387240075
    },
    {
      "epoch": 40,
      "val_nll": -1.61309985370393
    },
    {
      "epoch": 45,
      "val_nll": -1.6753366061836292
    },
    {
      "epoch": 50,
      "val_nll": -1.7368064898594169
    },
    {
      "epoch": 55,
      "val_nll": -1.7369372457455678
    },
    {
      "epoch": 60,
      "val_nll": -1.8063209740219601
    },
    {
      "epoch": 65,
      "val_nll": -1.8312507882999007
    },
    {
      "epoch": 70,
      "val_nll": -1.7586902816584156
    },
    {
      "epoch": 75,
      "val_nll": -1.8299633663171415
    },
    {
      "epoch": 80,
      "val_nll": -1.8463832656289363
    },
    {
      "epoch": 85,
      "val_nll": -1.8872528918989144
    },
    {
      "epoch": 90,
      "val_nll": -1.867066666578791
    },
    {
      "epoch": 95,
      "val_nll": -1.8529855172345593
    },
    {
      "epoch": 100,
      "val_nll": -1.858275500072795
    },
    {
      "epoch": 105,
      "val_nll": -1.9219414215938302
    },
    {
      "epoch": 110,
      "val_nll": -1.9107325274473543
    },
    {
      "epoch": 115,
      "val_nll": -1.9179275210495967
    },
    {
      "epoch": 120,
      "val_nll": -1.9069098640399373
    },
    {
      "epoch": 125,
      "val_nll": -1.9091934003647726
    },
    {
      "epoch": 130,
      "val_nll": -1.926876385310653
    },
    {
      "epoch": 135,
      "val_nll": -1.9297685995223417
    },
    {
      "epoch": 140,
      "val_nll": -1.9296099889050624
    },
    {
      "epoch": 145,
      "val_nll": -1.9468256561619461
    },
    {
      "epoch": 150,
      "val_nll": -1.9366587848420356
    }
  ],
  "config": {
    "dataset": "MNIST",
    "train_size": 50000,
    "val_size": 10000,
    "test_size": 10000,
    "r_dim": 256,
    "z_dim": 256,
    "h_dim": 256,
    "num_pseudo_points": 30,
    "num_pseudo_samples": 5,
    "lr": 0.0005
  }
}