{
  "best_val_nll": -1.8417926309215036,
  "test_nll": -1.8532395560270662,
  "elapsed_s": 7581.845942020416,
  "epochs": 100,
  "loss_history": [
    -1.0537784269238557,
    -1.8291522853428979,
    -1.9152177067097191,
    -2.1068829074883095,
    -2.1737629737790742,
    -2.1293156594419114,
    -2.2588994635645387,
    -2.230771457600167,
    -2.375207878573014,
    -2.3560690479662716,
    -2.4188943398387535,
    -2.4917680236327526,
    -2.4326993163932316,
    -2.577651969288164,
    -2.63416137864999,
    -2.6263405371581197,
    -2.600999582663674,
    -2.665884811326366,
    -2.7151547517160624,
    -2.7367862069317144,
    -2.8295544916787723,
    -2.7625149671378955,
    -2.7254315604219963,
    -2.900639874246114,
    -2.8142214277830653,
    -2.8456569930629048,
    -2.9450354812014132,
    -2.8912288889174573,
    -2.9135049713008545,
    -2.9553485150684784,
    -2.945532667210035,
    -3.008503220194136,
    -3.0052044924224735,
    -3.044700370382165,
    -3.0232307011418786,
    -3.0498465140304907,
    -3.082700977697397,
    -3.059570880382872,
    -3.051041310095726,
    -3.0659478685206465,
    -3.1086785991478454,
    -3.114986933405747,
    -3.1353539587439174,
    -3.1322577823610867,
    -3.1301631483123127,
    -3.148852662307203,
    -3.130329599923185,
    -3.1768146904990497,
    -3.182620970298872,
    -3.2045251506063943,
    -3.1914756032816896,
    -3.220400707038772,
    -3.244602308934912,
    -3.205146082488777,
    -3.2559727072487097,
    -3.2433975505859345,
    -3.252092659473419,
    -3.267152245392275,
    -3.2911317545892027,
    -3.288765518714095,
    -3.3003090869282823,
    -3.332423356221155,
    -3.308817023511433,
    -3.3256683252999544,
    -3.3400598716781573,
    -3.2952439793387946,
    -3.2962325642902472,
    -3.3065735194689174,
    -3.313350842355767,
    -3.3308681830420825,
    -3.373180392758011,
    -3.3866018837370224,
    -3.3573585000946697,
    -3.362935125522906,
    -3.3875756200279117,
    -3.3588912456922824,
    -3.3788357830565907,
    -3.3944652449825536,
    -3.377536485748142,
    -3.390402738090671,
    -3.3767028163613566,
    -3.3931544570971632,
    -3.4059568690064617,
    -3.396384503377978,
    -3.4158507270352616,
    -3.3988434730664543,
    -3.4059235298877484,
    -3.4060586193943267,
    -3.408656082647231,
    -3.401754125666893,
    -3.41146688161375,
    -3.369772178780697,
    -3.4157479840814307,
    -3.420564654842972,
    -3.4157830731624075,
    -3.3686032303611335,
    -3.4006888717794053,
    -3.417251307641149,
    -3.358410627412064,
    -3.3989288563389914
  ],
  "eval_history": [
    {
      "epoch": 1,
      "val_nll": -0.8994469991914785
    },
    {
      "epoch": 5,
      "val_nll": -1.1336668729782104
    },
    {
      "epoch": 10,
      "val_nll": -1.1755577113218367
    },
    {
      "epoch": 15,
      "val_nll": -1.3570724794059803
    },
    {
      "epoch": 20,
      "val_nll": -1.4905078392119924
    },
    {
      "epoch": 25,
      "val_nll": -1.5086104110547691
    },
    {
      "epoch": 30,
      "val_nll": -1.5600223222355933
    },
    {
      "epoch": 35,
      "val_nll": -1.5517044530552664
    },
    {
      "epoch": 40,
      "val_nll": -1.626274894756876
    },
    {
      "epoch": 45,
      "val_nll": -1.6860716031615142
    },
    {
      "epoch": 50,
      "val_nll": -1.6681338753669885
    },
    {
      "epoch": 55,
      "val_nll": -1.6908420460998632
    },
    {
      "epoch": 60,
      "val_nll": -1.7449939683744102
    },
    {
      "epoch": 65,
      "val_nll": -1.787954574177979
    },
    {
      "epoch": 70,
      "val_nll": -1.7730868697925737
    },
    {
      "epoch": 75,
      "val_nll": -1.8153526524829258
    },
    {
      "epoch": 80,
      "val_nll": -1.809228886464599
    },
    {
      "epoch": 85,
      "val_nll": -1.7974657955443023
    },
    {
      "epoch": 90,
      "val_nll": -1.8395413912025986
    },
    {
      "epoch": 95,
      "val_nll": -1.8417926309215036
    },
    {
      "epoch": 100,
      "val_nll": -1.8378326376532292
    }
  ],
  "config": {
    "dataset": "MNIST",
    "train_size": 50000,
    "val_size": 10000,
    "test_size": 10000,
    "r_dim": 256,
    "z_dim": 256,
    "h_dim": 256,
    "num_pseudo_points": 30,
    "num_pseudo_samples": 5,
    "lr": 0.0005
  }
}